{
  "generated_at": "2026-05-18T06:34:07+03:00",
  "whisper": {
    "model": "large",
    "wer": 0.2746,
    "cer": 0.1242
  },
  "cnn_lstm": {
    "wer": 0.8738826574633304,
    "cer": 0.6631653279194987
  }
}